{
  "onboarding": [
    {
      "ID": "ONB001",
      "EMPLOYEE NAME": "Test User"
    }
  ],
  "offboarding": [
    {
      "Name": "Test 1 User",
      "Bill Rate (USD)": 110,
      "Location": "Chennai",
      "Years of Experience": 6
    },
    {
      "Name": "John",
      "Bill Rate (USD)": 100,
      "Location": "Delaware",
      "Years of Experience": 5
    },
    {
      "Name": "Kevin",
      "Bill Rate (USD)": 120,
      "Location": "Delaware",
      "Years of Experience": 7
    },
    {
      "Name": "Sparrow",
      "Bill Rate (USD)": 130,
      "Location": "India",
      "Years of Experience": 8
    },
    {
      "Name": "Kingsly",
      "Bill Rate (USD)": 110,
      "Location": "India",
      "Years of Experience": 7
    },
    {
      "Name": "Marcus",
      "Bill Rate (USD)": 200,
      "Location": "France",
      "Years of Experience": 10
    }
  ],
  "invoice": [
    {
      "invoiceNumber": "INV-2026-001",
      "client": "Acme Corp",
      "amount": "$12,500.00",
      "issueDate": "2026-01-05",
      "dueDate": "2026-02-05",
      "status": "Paid"
    }
  ],
  "variance": [
    {
      "projectId": "PRJ-001",
      "projectName": "Website Redesign",
      "budgetPlanned": "$50,000",
      "budgetActual": "$48,500",
      "variance": "+$1,500",
      "status": "Under Budget",
      "category": "Budget"
    }
  ],
  "policy": [
    {
      "policyId": "POL-001",
      "policyName": "Remote Work Policy",
      "category": "HR",
      "version": "2.1",
      "effectiveDate": "2026-01-01",
      "lastReviewed": "2025-12-15",
      "status": "Active"
    }
  ],
  "newOnboardingDocs": [
    {
      "docId": "DOC-001",
      "documentName": "Employee Handbook 2026",
      "uploadedBy": "HR Admin",
      "uploadDate": "2026-01-02",
      "fileType": "PDF",
      "size": "2.4 MB",
      "status": "Approved"
    },
    {
      "docId": "DOC-001",
      "documentName": "Employee Handbook V1.0",
      "uploadedBy": "HR Admin",
      "uploadDate": "2026-02-05",
      "fileType": "docx",
      "size": "2 MB",
      "status": "Unapproved"
    }
  ]
}